{"cameraMode":{"drawMode":0,"name":"Shaded","section":"Shading Mode"},"sceneLighting":true,"audioPlay":false,"sceneViewState":{"showFog":false,"showMaterialUpdate":false,"showSkybox":false,"showFlares":false,"showImageEffects":false,"showParticleSystems":false},"in2DMode":false,"pivot":{"x":-14.409374237060547,"y":5.278278350830078,"z":1.6371874809265137},"rotation":{"x":0.0029669771902263166,"y":-0.14795415103435517,"z":0.00044386350782588124,"w":0.9889896512031555},"size":37.458412170410159,"orthographic":true}