{"cameraMode":{"drawMode":0,"name":"Shaded","section":"Shading Mode"},"sceneLighting":true,"audioPlay":false,"sceneViewState":{"showFog":false,"showMaterialUpdate":false,"showSkybox":false,"showFlares":false,"showImageEffects":false,"showParticleSystems":false},"in2DMode":false,"pivot":{"x":-13.706602096557618,"y":6.662479400634766,"z":-5.042952537536621},"rotation":{"x":-0.020991623401641847,"y":-0.02549160085618496,"z":0.0005354012828320265,"w":-0.9994544982910156},"size":22.0,"orthographic":false}